iter	Logloss
0	0.1517659698
1	0.07082454172
